Warehouse id,Region,SKU id,2021-06-01 00:00:00,2021-06-01
Wh-1,NORTH,SKU-1,,11.339331097170618
Wh-1,NORTH,SKU-2,,39.46870415305863
Wh-1,NORTH,SKU-3,,1.8420546087075298
Wh-1,NORTH,SKU-4,,148.39830315187723
Wh-1,NORTH,SKU-5,,217.11672016015063
Wh-1,NORTH,SKU-6,,0.0
Wh-1,NORTH,SKU-7,,687.7548733092844
Wh-1,NORTH,SKU-8,,534.3330061362642
Wh-1,NORTH,SKU-9,,156.6558609683019
Wh-1,NORTH,SKU-10,,185.12781763614674
Wh-1,NORTH,SKU-11,,56.18379997523226
Wh-1,NORTH,SKU-12,,279.7137140276902
Wh-1,NORTH,SKU-13,,1017.0820532365633
Wh-1,NORTH,SKU-14,,394.02410895239103
Wh-1,NORTH,SKU-15,,111.27241798520208
Wh-1,NORTH,SKU-16,,293.9866562152593
Wh-1,NORTH,SKU-17,,0.0
Wh-1,NORTH,SKU-18,,221.68097609605235
Wh-1,NORTH,SKU-19,,58.792470035267634
Wh-1,NORTH,SKU-20,,8.260826152838566
Wh-1,NORTH,SKU-21,,169.72405426441998
Wh-1,NORTH,SKU-22,,27.442719297809536
Wh-1,NORTH,SKU-23,,66.09378230818513
Wh-1,NORTH,SKU-24,,80.8012341896688
Wh-1,NORTH,SKU-25,,91.08597298517057
Wh-1,NORTH,SKU-26,,47.095742995076606
Wh-1,NORTH,SKU-27,,71.66551736892204
Wh-1,NORTH,SKU-28,,19.210364306368675
Wh-1,NORTH,SKU-29,,75.25039341699478
Wh-1,NORTH,SKU-30,,31.68134621588004
Wh-1,NORTH,SKU-31,,221.60976526695464
Wh-1,NORTH,SKU-32,,143.25753869281925
Wh-1,NORTH,SKU-33,,61.55638922953206
Wh-1,NORTH,SKU-34,,92.9885992142759
Wh-1,NORTH,SKU-35,,21.318592079932074
Wh-1,NORTH,SKU-36,,257.2091027881572
Wh-1,NORTH,SKU-37,,487.19410534854705
Wh-1,NORTH,SKU-38,,290.7542285644495
Wh-1,NORTH,SKU-39,,473.80478805629986
Wh-1,NORTH,SKU-40,,379.45807676862665
Wh-1,NORTH,SKU-41,,20.870788388976408
Wh-1,NORTH,SKU-42,,388.53744994328144
Wh-1,NORTH,SKU-43,,46.98706868712128
Wh-1,NORTH,SKU-44,,991.2028911576894
Wh-1,NORTH,SKU-45,,332.9341420774907
Wh-1,NORTH,SKU-46,,153.7287581150273
Wh-1,NORTH,SKU-47,,1364.0613656564
Wh-1,NORTH,SKU-48,,73.68803067795031
Wh-1,NORTH,SKU-49,,597.5361059170484
Wh-1,NORTH,SKU-50,,89.10973079520105
Wh-1,NORTH,SKU-51,,993.5821937478376
Wh-1,NORTH,SKU-52,,65.39096346768376
Wh-1,NORTH,SKU-53,,209.23477784277827
Wh-1,NORTH,SKU-54,,217.49196372476325
Wh-1,NORTH,SKU-55,,238.30525841324797
Wh-1,NORTH,SKU-56,,189.43219586288376
Wh-1,NORTH,SKU-57,,0.0
Wh-1,NORTH,SKU-58,,202.60914601661818
Wh-1,NORTH,SKU-59,,99.55222658399151
Wh-1,NORTH,SKU-60,,2.0000005476230207
Wh-1,NORTH,SKU-61,,0.0
Wh-1,NORTH,SKU-62,,110.31957630282056
Wh-1,NORTH,SKU-63,,48.078747712647946
Wh-1,NORTH,SKU-64,,16.31983016052689
Wh-1,NORTH,SKU-65,,43.780970336397274
Wh-1,NORTH,SKU-66,,0.0
Wh-1,NORTH,SKU-67,,0.0
Wh-1,NORTH,SKU-68,,161.36766594798144
Wh-1,NORTH,SKU-69,,156.35382687442177
Wh-1,NORTH,SKU-70,,306.40854757108593
Wh-1,NORTH,SKU-71,,231.83257172111172
Wh-1,NORTH,SKU-72,,96.91676241106941
Wh-1,NORTH,SKU-73,,43.56375727826301
Wh-1,NORTH,SKU-74,,28.4942289117924
Wh-1,NORTH,SKU-75,,42.477947032212654
Wh-1,NORTH,SKU-76,,21.216434175903977
Wh-1,NORTH,SKU-77,,348.48935472876735
Wh-1,NORTH,SKU-78,,178.18113192976335
Wh-1,NORTH,SKU-79,,493.812235294022
Wh-1,NORTH,SKU-80,,0.0
Wh-1,NORTH,SKU-81,,67.52027561914998
Wh-1,NORTH,SKU-82,,52.01855650505816
Wh-1,NORTH,SKU-83,,4.999979697514311
Wh-1,NORTH,SKU-84,,882.7814857984869
Wh-1,NORTH,SKU-85,,2.9999749914943084
Wh-1,NORTH,SKU-86,,63.54727011964008
Wh-1,NORTH,SKU-87,,7.723561453723529
Wh-1,NORTH,SKU-88,,221.15978080214725
Wh-1,NORTH,SKU-89,,1.062192819166171
Wh-1,NORTH,SKU-90,,192.33017787880829
Wh-1,NORTH,SKU-91,,81.67232811269456
Wh-1,NORTH,SKU-92,,115.2968633934792
Wh-1,NORTH,SKU-93,,3.0679286929061718
Wh-1,NORTH,SKU-94,,26.285195885605646
Wh-1,NORTH,SKU-95,,13.728188153981842
Wh-1,NORTH,SKU-96,,82.09964820595805
Wh-1,NORTH,SKU-97,,171.88566062163514
Wh-1,NORTH,SKU-98,,17.332825962066096
Wh-1,NORTH,SKU-99,,36.12800814287526
Wh-1,NORTH,SKU-100,,0.0
Wh-1,NORTH,SKU-101,,58.419610179474105
Wh-1,NORTH,SKU-102,,63.53697822450887
Wh-1,NORTH,SKU-103,,44.24004633516682
Wh-1,NORTH,SKU-104,,190.0635436727207
Wh-1,NORTH,SKU-105,,26.13295266292614
Wh-1,NORTH,SKU-106,,269.0260149026874
Wh-1,NORTH,SKU-107,,34.73306579079893
Wh-1,NORTH,SKU-108,,148.04291632979516
Wh-1,NORTH,SKU-109,,0.0
Wh-1,NORTH,SKU-110,,1.7689369006747881
Wh-1,NORTH,SKU-111,,0.0
Wh-1,NORTH,SKU-112,,11.951039353786335
Wh-1,NORTH,SKU-113,,20.579240736496097
Wh-1,NORTH,SKU-114,,0.0
Wh-1,NORTH,SKU-115,,50.64705496310954
Wh-1,NORTH,SKU-116,,5.223871068857712
Wh-1,NORTH,SKU-117,,25.07648764263946
Wh-1,NORTH,SKU-118,,9.621163398342805
Wh-1,NORTH,SKU-119,,492.52866425057084
Wh-1,NORTH,SKU-120,,263.5052941539775
Wh-1,NORTH,SKU-121,,564.9031418335416
Wh-1,NORTH,SKU-122,,135.05591437887773
Wh-1,NORTH,SKU-123,,157.80108100320115
Wh-1,NORTH,SKU-124,,2255.480031503545
Wh-1,NORTH,SKU-125,,475.64069435363905
Wh-1,NORTH,SKU-126,,0.0
Wh-1,NORTH,SKU-127,,293.43034474578116
Wh-1,NORTH,SKU-128,,38.93383876064032
Wh-1,NORTH,SKU-129,,22.42283139147144
Wh-1,NORTH,SKU-130,,0.0
Wh-1,NORTH,SKU-131,,27.682680489558834
Wh-1,NORTH,SKU-132,,1047.0273038700288
Wh-1,NORTH,SKU-133,,865.8587851109924
Wh-1,NORTH,SKU-134,,42.78991456866993
Wh-1,NORTH,SKU-135,,180.0099680656173
Wh-1,NORTH,SKU-136,,317.05093576966624
Wh-1,NORTH,SKU-137,,917.8571229513047
Wh-1,NORTH,SKU-138,,235.04548815875455
Wh-1,NORTH,SKU-139,,23.770057124864017
Wh-1,NORTH,SKU-140,,1894.9857770530218
Wh-1,NORTH,SKU-141,,954.560267770541
Wh-1,NORTH,SKU-142,,19.22427926184139
Wh-1,NORTH,SKU-143,,134.16618118928426
Wh-1,NORTH,SKU-144,,29.849661523877103
Wh-1,NORTH,SKU-145,,874.9319942541706
Wh-1,NORTH,SKU-146,,280.93177724673416
Wh-1,NORTH,SKU-147,,18.459547772088314
Wh-1,NORTH,SKU-148,,399.25646295646266
Wh-1,NORTH,SKU-149,,357.96354665235873
Wh-1,NORTH,SKU-150,,1805.4710134973857
Wh-1,NORTH,SKU-151,,6794.0298225524375
Wh-1,NORTH,SKU-152,,326.9309381033548
Wh-1,NORTH,SKU-153,,16.551200433620718
Wh-1,NORTH,SKU-154,,20.89206784880732
Wh-1,NORTH,SKU-155,,25.540971186780787
Wh-1,NORTH,SKU-156,,19.999999998704233
Wh-1,NORTH,SKU-157,,266.3381398847993
Wh-1,NORTH,SKU-158,,35.152879643120045
Wh-1,NORTH,SKU-159,,6.7250506412980116
Wh-1,NORTH,SKU-160,,189.98171903024382
Wh-1,NORTH,SKU-161,,25.151869874467014
Wh-1,NORTH,SKU-162,,45.88027881758402
Wh-1,NORTH,SKU-163,,183.37650098384344
Wh-1,NORTH,SKU-164,,46.40105336591233
Wh-1,NORTH,SKU-165,,31.64509277266373
Wh-1,NORTH,SKU-166,,9.452113844748347
Wh-1,NORTH,SKU-167,,3.9042504834736995
Wh-1,NORTH,SKU-168,,0.0
Wh-1,NORTH,SKU-169,,11.752559097863163
Wh-1,NORTH,SKU-170,,103.21632409333307
Wh-1,NORTH,SKU-171,,132.71076463136131
Wh-1,NORTH,SKU-172,,16.0
Wh-1,NORTH,SKU-173,,130.01657363316542
Wh-1,NORTH,SKU-174,,18.54487593772932
Wh-1,NORTH,SKU-175,,0.9999999933010427
Wh-1,NORTH,SKU-176,,1.0
Wh-1,NORTH,SKU-177,,11.999999800571652
Wh-1,NORTH,SKU-178,,78.86191383902002
Wh-1,NORTH,SKU-179,,23.777696795676004
Wh-1,NORTH,SKU-180,,3.5918593524506583
Wh-1,NORTH,SKU-181,,7.9999999992560475
Wh-1,NORTH,SKU-182,,99.73248394286543
Wh-1,NORTH,SKU-183,,22.05926692184337
Wh-1,NORTH,SKU-184,,20.99996869442791
Wh-1,NORTH,SKU-185,,155.84585634923442
Wh-1,NORTH,SKU-186,,48.096581420825885
Wh-1,NORTH,SKU-187,,7.602562107188385
Wh-1,NORTH,SKU-188,,22.271886112585143
Wh-1,NORTH,SKU-189,,50.36954196482458
Wh-1,NORTH,SKU-190,,283.37739172346033
Wh-1,NORTH,SKU-191,,28.28386233047698
Wh-1,NORTH,SKU-192,,21.026130177499663
Wh-1,NORTH,SKU-193,,22.95585701051547
Wh-1,NORTH,SKU-194,,257.49733454428383
Wh-1,NORTH,SKU-195,,30.499315930387173
Wh-1,NORTH,SKU-196,,0.0
Wh-1,NORTH,SKU-197,,158.78879787261306
Wh-1,NORTH,SKU-198,,74.44394656416375
Wh-1,NORTH,SKU-199,,392.8761865797566
Wh-1,NORTH,SKU-200,,29.190197755435943
Wh-1,NORTH,SKU-201,,19.772970478723625
Wh-1,NORTH,SKU-202,,53.41686288581623
Wh-1,NORTH,SKU-203,,57.46358696106786
Wh-1,NORTH,SKU-204,,24.785111163803123
Wh-1,NORTH,SKU-205,,234.5019548485286
Wh-1,NORTH,SKU-206,,3821.894775560031
Wh-1,NORTH,SKU-207,,147.44240062938422
Wh-1,NORTH,SKU-208,,22.7114380551593
Wh-1,NORTH,SKU-209,,286.687818832333
Wh-1,NORTH,SKU-210,,214.02700540544282
Wh-1,NORTH,SKU-211,,1027.6306674178054
Wh-1,NORTH,SKU-212,,265.58215016847646
Wh-1,NORTH,SKU-213,,74.12307702496454
Wh-1,NORTH,SKU-214,,7.102485119549374
Wh-1,NORTH,SKU-215,,1141.6217002785138
Wh-1,NORTH,SKU-216,,36.77422921786987
Wh-1,NORTH,SKU-217,,22.394486430660425
Wh-1,NORTH,SKU-218,,26.64123851996396
Wh-1,NORTH,SKU-219,,60.07604940547306
Wh-1,NORTH,SKU-220,,133.95674908022568
Wh-1,NORTH,SKU-221,,339.05108954400595
Wh-1,NORTH,SKU-222,,62.33388334962368
Wh-1,NORTH,SKU-223,,0.0
Wh-1,NORTH,SKU-224,,2301.9023342794253
Wh-1,NORTH,SKU-225,,7014.068426336611
Wh-1,NORTH,SKU-226,,1574.9819529359625
Wh-1,NORTH,SKU-227,,48.999682399451096
Wh-1,NORTH,SKU-228,,52.973008597778026
Wh-1,NORTH,SKU-229,,98.51794993132842
Wh-1,NORTH,SKU-230,,61.00029638724976
Wh-1,NORTH,SKU-231,,30.717486061949806
Wh-1,NORTH,SKU-232,,127.89559981882387
Wh-1,NORTH,SKU-233,,0.0
Wh-2,EAST,SKU-1,,2.9970479877138203
Wh-2,EAST,SKU-2,,12.484834241211214
Wh-2,EAST,SKU-3,,17.642891100448523
Wh-2,EAST,SKU-4,,33.708865524978705
Wh-2,EAST,SKU-5,,33.51018672145723
Wh-2,EAST,SKU-6,,39.13228100773383
Wh-2,EAST,SKU-7,,455.6297057493362
Wh-2,EAST,SKU-403,,36.26288084096869
Wh-2,EAST,SKU-8,,705.681185919208
Wh-2,EAST,SKU-234,,114.47695603381767
Wh-2,EAST,SKU-9,,172.86726391918143
Wh-2,EAST,SKU-10,,146.99628110312304
Wh-2,EAST,SKU-13,,148.33630465870687
Wh-2,EAST,SKU-17,,90.13539964358216
Wh-2,EAST,SKU-20,,5.351825247841814
Wh-2,EAST,SKU-352,,113.92144267711095
Wh-2,EAST,SKU-21,,138.91294491164598
Wh-2,EAST,SKU-22,,43.518932284516794
Wh-2,EAST,SKU-23,,23.035646150534067
Wh-2,EAST,SKU-24,,2432.0179518985346
Wh-2,EAST,SKU-25,,110.29651958309199
Wh-2,EAST,SKU-26,,55.01797002899895
Wh-2,EAST,SKU-27,,44.61077870514515
Wh-2,EAST,SKU-28,,0.0
Wh-2,EAST,SKU-29,,66.50444568800089
Wh-2,EAST,SKU-30,,103.85243746242497
Wh-2,EAST,SKU-31,,299.19394438946125
Wh-2,EAST,SKU-32,,15.021154974321547
Wh-2,EAST,SKU-33,,72.73433014652066
Wh-2,EAST,SKU-237,,345.6987566644041
Wh-2,EAST,SKU-34,,58.670760383886304
Wh-2,EAST,SKU-239,,41.03894934950304
Wh-2,EAST,SKU-240,,60.29423285127683
Wh-2,EAST,SKU-36,,313.3610057000269
Wh-2,EAST,SKU-37,,336.25953977975576
Wh-2,EAST,SKU-39,,67.16056732969545
Wh-2,EAST,SKU-40,,234.92964977888917
Wh-2,EAST,SKU-41,,347.16538278824123
Wh-2,EAST,SKU-44,,84.71545336085869
Wh-2,EAST,SKU-45,,4.999999847368245
Wh-2,EAST,SKU-47,,46.80132653215276
Wh-2,EAST,SKU-50,,25.45418951950504
Wh-2,EAST,SKU-51,,160.72828881826075
Wh-2,EAST,SKU-53,,46.996475856600995
Wh-2,EAST,SKU-56,,0.0
Wh-2,EAST,SKU-57,,2.423742642483944
Wh-2,EAST,SKU-59,,12.999884428986896
Wh-2,EAST,SKU-62,,0.0
Wh-2,EAST,SKU-66,,1609.31068068695
Wh-2,EAST,SKU-67,,332.88404296020263
Wh-2,EAST,SKU-244,,0.5526912983130501
Wh-2,EAST,SKU-69,,3097.8420017173657
Wh-2,EAST,SKU-70,,576.5941107439669
Wh-2,EAST,SKU-71,,77.28653069566174
Wh-2,EAST,SKU-72,,187.66294017507886
Wh-2,EAST,SKU-73,,50.32026583036957
Wh-2,EAST,SKU-328,,26.716322310809005
Wh-2,EAST,SKU-76,,253.52849194510821
Wh-2,EAST,SKU-77,,0.0
Wh-2,EAST,SKU-78,,458.1934242538789
Wh-2,EAST,SKU-79,,49.90593031251716
Wh-2,EAST,SKU-248,,2581.0838268358693
Wh-2,EAST,SKU-404,,156.21443808363819
Wh-2,EAST,SKU-80,,0.0
Wh-2,EAST,SKU-81,,151.43054930324857
Wh-2,EAST,SKU-82,,182.23504309308615
Wh-2,EAST,SKU-84,,128.15476933705716
Wh-2,EAST,SKU-86,,7.2453825189358945
Wh-2,EAST,SKU-250,,0.0
Wh-2,EAST,SKU-87,,624.6287723136875
Wh-2,EAST,SKU-359,,21.008166552133964
Wh-2,EAST,SKU-88,,342.0501155472358
Wh-2,EAST,SKU-251,,5.932086677687799
Wh-2,EAST,SKU-361,,24.282743811521957
Wh-2,EAST,SKU-89,,41.84147535061339
Wh-2,EAST,SKU-97,,61.94509471063292
Wh-2,EAST,SKU-329,,193.30420838863253
Wh-2,EAST,SKU-330,,211.9041440982205
Wh-2,EAST,SKU-332,,49.8466147227531
Wh-2,EAST,SKU-257,,31.082509759635286
Wh-2,EAST,SKU-258,,0.0
Wh-2,EAST,SKU-259,,645.5332625304665
Wh-2,EAST,SKU-260,,0.0
Wh-2,EAST,SKU-261,,837.4600196992444
Wh-2,EAST,SKU-262,,11.261866229742406
Wh-2,EAST,SKU-263,,873.4643244322922
Wh-2,EAST,SKU-264,,5954.087365331605
Wh-2,EAST,SKU-265,,7.872502938593315
Wh-2,EAST,SKU-267,,103.36334503253102
Wh-2,EAST,SKU-268,,6507.9321300991705
Wh-2,EAST,SKU-269,,52.4692105635351
Wh-2,EAST,SKU-270,,189.31444481748235
Wh-2,EAST,SKU-271,,32.17030091239641
Wh-2,EAST,SKU-272,,86.68659320662431
Wh-2,EAST,SKU-275,,0.0
Wh-2,EAST,SKU-276,,0.0
Wh-2,EAST,SKU-278,,0.0
Wh-2,EAST,SKU-405,,1974.6389961352374
Wh-2,EAST,SKU-106,,420.04505448022877
Wh-2,EAST,SKU-107,,80.04614566104206
Wh-2,EAST,SKU-108,,600.0618309090025
Wh-2,EAST,SKU-109,,21.188862463198035
Wh-2,EAST,SKU-110,,14.00926455609721
Wh-2,EAST,SKU-111,,137.5806530863357
Wh-2,EAST,SKU-112,,6.582497437263067
Wh-2,EAST,SKU-113,,224.69198888300886
Wh-2,EAST,SKU-114,,17.483382970743342
Wh-2,EAST,SKU-115,,14.226485437287572
Wh-2,EAST,SKU-116,,42.06002573964456
Wh-2,EAST,SKU-117,,16.151023957631423
Wh-2,EAST,SKU-118,,1.9999922591188113
Wh-2,EAST,SKU-119,,0.0
Wh-2,EAST,SKU-120,,2670.1021345266627
Wh-2,EAST,SKU-287,,340.47626270524677
Wh-2,EAST,SKU-337,,0.0
Wh-2,EAST,SKU-121,,331.49340248149946
Wh-2,EAST,SKU-288,,36.79515022128123
Wh-2,EAST,SKU-123,,962.8197226681
Wh-2,EAST,SKU-289,,148.5449737410168
Wh-2,EAST,SKU-406,,101.30400926752556
Wh-2,EAST,SKU-407,,0.0
Wh-2,EAST,SKU-124,,157.7937653442233
Wh-2,EAST,SKU-338,,16.648719185866298
Wh-2,EAST,SKU-408,,19.86013023827294
Wh-2,EAST,SKU-339,,12.293496567058071
Wh-2,EAST,SKU-340,,191.67454142084716
Wh-2,EAST,SKU-125,,2764.7409811173075
Wh-2,EAST,SKU-126,,49.30738450206847
Wh-2,EAST,SKU-127,,422.3690252864337
Wh-2,EAST,SKU-342,,244.3976671905333
Wh-2,EAST,SKU-291,,50.015202200805795
Wh-2,EAST,SKU-343,,1221.6020663401828
Wh-2,EAST,SKU-292,,0.0
Wh-2,EAST,SKU-409,,33.62292359156777
Wh-2,EAST,SKU-132,,583.9966197958488
Wh-2,EAST,SKU-133,,1694.903261781923
Wh-2,EAST,SKU-134,,390.12918912910857
Wh-2,EAST,SKU-344,,221.40028199251788
Wh-2,EAST,SKU-410,,97.25414959137515
Wh-2,EAST,SKU-138,,0.0
Wh-2,EAST,SKU-139,,0.0
Wh-2,EAST,SKU-140,,1174.112934930815
Wh-2,EAST,SKU-141,,1338.3638150704128
Wh-2,EAST,SKU-345,,897.0587562065498
Wh-2,EAST,SKU-411,,104.11326238410186
Wh-2,EAST,SKU-412,,134.5844321917103
Wh-2,EAST,SKU-144,,0.0
Wh-2,EAST,SKU-146,,163.50314816284856
Wh-2,EAST,SKU-386,,220.7950815479693
Wh-2,EAST,SKU-147,,26.323564033312266
Wh-2,EAST,SKU-293,,193.63696696310052
Wh-2,EAST,SKU-148,,475.7494183669582
Wh-2,EAST,SKU-149,,3340.7864924839437
Wh-2,EAST,SKU-387,,0.0
Wh-2,EAST,SKU-150,,105.40844381422342
Wh-2,EAST,SKU-151,,1007.420701441798
Wh-2,EAST,SKU-152,,57.96196643436522
Wh-2,EAST,SKU-413,,0.0
Wh-2,EAST,SKU-389,,26.63855159733898
Wh-2,EAST,SKU-157,,131.17241445120112
Wh-2,EAST,SKU-158,,28.153397919492996
Wh-2,EAST,SKU-161,,0.0
Wh-2,EAST,SKU-162,,94.00728753685524
Wh-2,EAST,SKU-163,,23.003063829179933
Wh-2,EAST,SKU-164,,101.10601290253571
Wh-2,EAST,SKU-165,,14.301304147560527
Wh-2,EAST,SKU-166,,39.72799178131855
Wh-2,EAST,SKU-167,,60.8756850090582
Wh-2,EAST,SKU-297,,147.4714623514259
Wh-2,EAST,SKU-172,,2.0
Wh-2,EAST,SKU-178,,42.11656317076913
Wh-2,EAST,SKU-179,,17.999999999996838
Wh-2,EAST,SKU-182,,146.5008643229259
Wh-2,EAST,SKU-185,,406.9208384545013
Wh-2,EAST,SKU-186,,0.0
Wh-2,EAST,SKU-392,,33.00001929036656
Wh-2,EAST,SKU-187,,20.0
Wh-2,EAST,SKU-189,,23.248276864096397
Wh-2,EAST,SKU-190,,233.54192015792682
Wh-2,EAST,SKU-194,,19.7874427109424
Wh-2,EAST,SKU-195,,62.91063629024546
Wh-2,EAST,SKU-196,,427.22747948234814
Wh-2,EAST,SKU-198,,28.96937227130691
Wh-2,EAST,SKU-199,,828.4373551765989
Wh-2,EAST,SKU-306,,0.0
Wh-2,EAST,SKU-312,,16.0
Wh-2,EAST,SKU-315,,115.71427776636637
Wh-2,EAST,SKU-316,,70.19129335923755
Wh-2,EAST,SKU-319,,39.128020184588834
Wh-2,EAST,SKU-321,,71.20116010257632
Wh-2,EAST,SKU-322,,444.38091862667096
Wh-2,EAST,SKU-399,,86.82117542303486
Wh-2,EAST,SKU-205,,102.45839626177019
Wh-2,EAST,SKU-206,,148.4654987553008
Wh-2,EAST,SKU-208,,148.19650865281955
Wh-2,EAST,SKU-210,,76.9232060891191
Wh-2,EAST,SKU-211,,243.36654585190166
Wh-2,EAST,SKU-214,,513.8000464447923
Wh-2,EAST,SKU-216,,2295.305309039787
Wh-2,EAST,SKU-217,,68.74572975309371
Wh-2,EAST,SKU-414,,310.97842787567004
Wh-2,EAST,SKU-219,,101.43983681803218
Wh-2,EAST,SKU-220,,864.545134393992
Wh-2,EAST,SKU-221,,198.46578923014417
Wh-2,EAST,SKU-224,,2.8011123661980264
Wh-2,EAST,SKU-225,,134.90190427880276
Wh-2,EAST,SKU-226,,48.37255042073623
Wh-2,EAST,SKU-230,,21.193633253549592
Wh-2,EAST,SKU-231,,291.3203440853041
Wh-2,EAST,SKU-232,,0.0
Wh-2,EAST,SKU-233,,8.407642878999589
Wh-2,EAST,SKU-415,,18.866260645470852
Wh-3,WEST,SKU-1,,133.36490260951823
Wh-3,WEST,SKU-2,,187.86811723970544
Wh-3,WEST,SKU-3,,38.020275807376834
Wh-3,WEST,SKU-4,,39.77181174052812
Wh-3,WEST,SKU-5,,143.90296892409503
Wh-3,WEST,SKU-6,,39.04386577761387
Wh-3,WEST,SKU-350,,45.36636493069987
Wh-3,WEST,SKU-7,,402.36260434217525
Wh-3,WEST,SKU-8,,138.8078967114174
Wh-3,WEST,SKU-234,,9.565761383956275
Wh-3,WEST,SKU-9,,133.64983862698006
Wh-3,WEST,SKU-10,,346.0612722562985
Wh-3,WEST,SKU-13,,792.6377589137854
Wh-3,WEST,SKU-17,,472.11456996811114
Wh-3,WEST,SKU-327,,13.594268733313125
Wh-3,WEST,SKU-19,,31.4153810158515
Wh-3,WEST,SKU-351,,19.341086992078143
Wh-3,WEST,SKU-236,,49.02580162464006
Wh-3,WEST,SKU-20,,14.47936295480729
Wh-3,WEST,SKU-352,,35.705485451816145
Wh-3,WEST,SKU-353,,52.57758715556906
Wh-3,WEST,SKU-21,,98.09988576375879
Wh-3,WEST,SKU-22,,9.907670124868446
Wh-3,WEST,SKU-23,,20.381458065553716
Wh-3,WEST,SKU-24,,42.18627323631553
Wh-3,WEST,SKU-25,,201.47134468626356
Wh-3,WEST,SKU-26,,25.29876952079322
Wh-3,WEST,SKU-27,,70.35378860476573
Wh-3,WEST,SKU-28,,36.11530837201505
Wh-3,WEST,SKU-29,,60.356862569828735
Wh-3,WEST,SKU-30,,287.6962822870186
Wh-3,WEST,SKU-31,,41.06608074188337
Wh-3,WEST,SKU-32,,228.91108825032163
Wh-3,WEST,SKU-33,,161.32008144820918
Wh-3,WEST,SKU-237,,44.93823674802296
Wh-3,WEST,SKU-34,,73.53001275298169
Wh-3,WEST,SKU-239,,18.959712681989913
Wh-3,WEST,SKU-240,,0.0
Wh-3,WEST,SKU-354,,1446.6855177635955
Wh-3,WEST,SKU-35,,24.61560506198837
Wh-3,WEST,SKU-36,,705.8992697773654
Wh-3,WEST,SKU-241,,46.27431204025234
Wh-3,WEST,SKU-37,,55.77570220895109
Wh-3,WEST,SKU-38,,0.0
Wh-3,WEST,SKU-39,,757.1124781945045
Wh-3,WEST,SKU-40,,190.72132334545574
Wh-3,WEST,SKU-41,,47.2192585872255
Wh-3,WEST,SKU-355,,8.726636636327154
Wh-3,WEST,SKU-243,,83.30909511900421
Wh-3,WEST,SKU-42,,103.38160602795858
Wh-3,WEST,SKU-43,,40.64211939788072
Wh-3,WEST,SKU-44,,81.4940244427934
Wh-3,WEST,SKU-356,,33.18368135946398
Wh-3,WEST,SKU-45,,0.0
Wh-3,WEST,SKU-46,,189.47688909357544
Wh-3,WEST,SKU-47,,998.2524136098366
Wh-3,WEST,SKU-49,,307.7606018474157
Wh-3,WEST,SKU-50,,264.11595597303597
Wh-3,WEST,SKU-51,,626.6203540661573
Wh-3,WEST,SKU-53,,91.7178991383516
Wh-3,WEST,SKU-54,,29.94810359898736
Wh-3,WEST,SKU-55,,247.70935178371337
Wh-3,WEST,SKU-56,,205.86827931538195
Wh-3,WEST,SKU-57,,85.49048182877121
Wh-3,WEST,SKU-58,,90.71965665376086
Wh-3,WEST,SKU-59,,374.6984342915907
Wh-3,WEST,SKU-357,,106.23782320456355
Wh-3,WEST,SKU-60,,126.47022968679846
Wh-3,WEST,SKU-61,,1375.948224143165
Wh-3,WEST,SKU-62,,113.59821204342411
Wh-3,WEST,SKU-63,,96.96867508935944
Wh-3,WEST,SKU-66,,5534.6019986444535
Wh-3,WEST,SKU-67,,313.9411117405755
Wh-3,WEST,SKU-244,,18.37737738057832
Wh-3,WEST,SKU-68,,37.136078483723004
Wh-3,WEST,SKU-69,,152.13681299763462
Wh-3,WEST,SKU-70,,255.8994783939567
Wh-3,WEST,SKU-71,,52.790224401589825
Wh-3,WEST,SKU-72,,63.73926021130801
Wh-3,WEST,SKU-74,,227.7488145613447
Wh-3,WEST,SKU-75,,82.53256460548265
Wh-3,WEST,SKU-328,,0.0
Wh-3,WEST,SKU-76,,42.293089698033846
Wh-3,WEST,SKU-77,,221.98979227508988
Wh-3,WEST,SKU-78,,0.0
Wh-3,WEST,SKU-79,,47.52594945737241
Wh-3,WEST,SKU-80,,51.417427035505696
Wh-3,WEST,SKU-81,,34.944145747169664
Wh-3,WEST,SKU-82,,106.13227207638033
Wh-3,WEST,SKU-358,,3.0
Wh-3,WEST,SKU-83,,1187.1888912743511
Wh-3,WEST,SKU-84,,1531.6118010093883
Wh-3,WEST,SKU-85,,6.999999822836151
Wh-3,WEST,SKU-86,,80.36146919043362
Wh-3,WEST,SKU-250,,123.89298011219657
Wh-3,WEST,SKU-87,,12.667486292644334
Wh-3,WEST,SKU-359,,30.599471009191106
Wh-3,WEST,SKU-88,,29.615788490435527
Wh-3,WEST,SKU-360,,38.49527732540699
Wh-3,WEST,SKU-251,,261.845847141399
Wh-3,WEST,SKU-361,,15.749371918274996
Wh-3,WEST,SKU-89,,159.12602493488183
Wh-3,WEST,SKU-90,,14.642273928837085
Wh-3,WEST,SKU-91,,10.518514759831
Wh-3,WEST,SKU-92,,22.661987620678055
Wh-3,WEST,SKU-93,,65.18145757336595
Wh-3,WEST,SKU-94,,4.369271300960754
Wh-3,WEST,SKU-97,,60.91920899701179
Wh-3,WEST,SKU-98,,81.10560793703988
Wh-3,WEST,SKU-252,,106.70286276711911
Wh-3,WEST,SKU-253,,4.099088737064574
Wh-3,WEST,SKU-362,,46.96854143021206
Wh-3,WEST,SKU-254,,108.98551102061514
Wh-3,WEST,SKU-331,,537.0121439401688
Wh-3,WEST,SKU-363,,384.30723540196414
Wh-3,WEST,SKU-364,,290.21257320088296
Wh-3,WEST,SKU-255,,1579.2244075254443
Wh-3,WEST,SKU-332,,59.939672813957515
Wh-3,WEST,SKU-365,,108.51140236702201
Wh-3,WEST,SKU-256,,968.1685873348168
Wh-3,WEST,SKU-366,,134.74835003458801
Wh-3,WEST,SKU-367,,74.41444800472621
Wh-3,WEST,SKU-257,,518.7880392869145
Wh-3,WEST,SKU-368,,27.975597858616194
Wh-3,WEST,SKU-369,,19.0
Wh-3,WEST,SKU-370,,759.4924896499784
Wh-3,WEST,SKU-371,,392.40661957135023
Wh-3,WEST,SKU-258,,718.0452261050215
Wh-3,WEST,SKU-372,,89.89767867758727
Wh-3,WEST,SKU-373,,12.44691365367013
Wh-3,WEST,SKU-259,,162.33707390020845
Wh-3,WEST,SKU-260,,59.996452343189596
Wh-3,WEST,SKU-261,,0.0
Wh-3,WEST,SKU-262,,77.39550423787881
Wh-3,WEST,SKU-263,,316.56333396923515
Wh-3,WEST,SKU-264,,4695.013554485018
Wh-3,WEST,SKU-265,,43.959347833257915
Wh-3,WEST,SKU-266,,224.74173403157124
Wh-3,WEST,SKU-267,,0.0
Wh-3,WEST,SKU-268,,2865.874414261165
Wh-3,WEST,SKU-374,,117.64309722594827
Wh-3,WEST,SKU-269,,99.50206091721196
Wh-3,WEST,SKU-270,,299.5869422503636
Wh-3,WEST,SKU-271,,969.2736832218447
Wh-3,WEST,SKU-272,,539.686043929905
Wh-3,WEST,SKU-273,,12.09955769937984
Wh-3,WEST,SKU-274,,157.12589022845995
Wh-3,WEST,SKU-275,,57.4522293663789
Wh-3,WEST,SKU-277,,25.656495859351597
Wh-3,WEST,SKU-278,,263.26808944664083
Wh-3,WEST,SKU-279,,23.032381877533645
Wh-3,WEST,SKU-280,,22.15688702784704
Wh-3,WEST,SKU-281,,12.701295586477759
Wh-3,WEST,SKU-282,,65.56500536167322
Wh-3,WEST,SKU-283,,52.911323790914004
Wh-3,WEST,SKU-375,,106.3237036484208
Wh-3,WEST,SKU-376,,15.360869658685754
Wh-3,WEST,SKU-284,,16.378096436589672
Wh-3,WEST,SKU-285,,13.89714034257733
Wh-3,WEST,SKU-377,,28.684262448193383
Wh-3,WEST,SKU-378,,36.46502509380272
Wh-3,WEST,SKU-123,,112.55822398170369
Wh-3,WEST,SKU-289,,92.91987661750501
Wh-3,WEST,SKU-124,,245.58702278547798
Wh-3,WEST,SKU-339,,115.42465543258204
Wh-3,WEST,SKU-341,,2.2670423936270225
Wh-3,WEST,SKU-290,,0.0
Wh-3,WEST,SKU-126,,0.0
Wh-3,WEST,SKU-127,,0.0
Wh-3,WEST,SKU-291,,0.0
Wh-3,WEST,SKU-343,,387.28919995282206
Wh-3,WEST,SKU-292,,256.77105823714055
Wh-3,WEST,SKU-128,,38.897547290864416
Wh-3,WEST,SKU-379,,291.23579321937194
Wh-3,WEST,SKU-380,,434.81337753814586
Wh-3,WEST,SKU-381,,1172.7017942502812
Wh-3,WEST,SKU-132,,275.3566213795002
Wh-3,WEST,SKU-133,,178.45545301453683
Wh-3,WEST,SKU-134,,223.63748107387087
Wh-3,WEST,SKU-382,,43.253244941827695
Wh-3,WEST,SKU-383,,173.84798050662027
Wh-3,WEST,SKU-137,,216.3762037179397
Wh-3,WEST,SKU-139,,54.34830098726981
Wh-3,WEST,SKU-140,,186.35788963945245
Wh-3,WEST,SKU-141,,28.63134118636349
Wh-3,WEST,SKU-144,,73.74456533397009
Wh-3,WEST,SKU-145,,100.32946146591811
Wh-3,WEST,SKU-146,,37.51326306649244
Wh-3,WEST,SKU-384,,12.516703426698452
Wh-3,WEST,SKU-385,,13.482007993758506
Wh-3,WEST,SKU-386,,84.36781653521345
Wh-3,WEST,SKU-147,,0.0
Wh-3,WEST,SKU-293,,6.028652105366767
Wh-3,WEST,SKU-148,,81.04036344898896
Wh-3,WEST,SKU-149,,105.50501753029077
Wh-3,WEST,SKU-387,,24.789643800207358
Wh-3,WEST,SKU-150,,286.1867207924581
Wh-3,WEST,SKU-151,,338.301101027296
Wh-3,WEST,SKU-388,,22.344569327154126
Wh-3,WEST,SKU-152,,34.46490928437389
Wh-3,WEST,SKU-154,,26.965364148719438
Wh-3,WEST,SKU-155,,16.938408711596892
Wh-3,WEST,SKU-156,,40.6607613480667
Wh-3,WEST,SKU-389,,6.437093871770992
Wh-3,WEST,SKU-157,,43.44195149372843
Wh-3,WEST,SKU-390,,31.942862373407365
Wh-3,WEST,SKU-158,,33.60789566393346
Wh-3,WEST,SKU-159,,46.966103099239064
Wh-3,WEST,SKU-160,,562.340146095123
Wh-3,WEST,SKU-161,,366.62651405926624
Wh-3,WEST,SKU-162,,35.35336027995605
Wh-3,WEST,SKU-163,,13.266165331818382
Wh-3,WEST,SKU-164,,13.949065861364499
Wh-3,WEST,SKU-165,,56.21471921795771
Wh-3,WEST,SKU-166,,42.8087545678039
Wh-3,WEST,SKU-167,,46.402049874566
Wh-3,WEST,SKU-168,,48.71987407986128
Wh-3,WEST,SKU-297,,40.612854135653535
Wh-3,WEST,SKU-169,,117.7112123294204
Wh-3,WEST,SKU-391,,2.0
Wh-3,WEST,SKU-170,,88.09247385511516
Wh-3,WEST,SKU-171,,32.76606983030374
Wh-3,WEST,SKU-172,,200.99740190318454
Wh-3,WEST,SKU-299,,94.51252791440047
Wh-3,WEST,SKU-173,,128.92074790623258
Wh-3,WEST,SKU-174,,4.487430076468545
Wh-3,WEST,SKU-175,,9.999999999355094
Wh-3,WEST,SKU-176,,4.999999998092867
Wh-3,WEST,SKU-177,,5.872045906256821
Wh-3,WEST,SKU-178,,34.822971275740464
Wh-3,WEST,SKU-179,,57.942177919506655
Wh-3,WEST,SKU-180,,25.11053301214328
Wh-3,WEST,SKU-181,,97.4187550142096
Wh-3,WEST,SKU-182,,44.057614527290795
Wh-3,WEST,SKU-183,,58.30160932726872
Wh-3,WEST,SKU-184,,150.85826543391738
Wh-3,WEST,SKU-185,,65.98572878877397
Wh-3,WEST,SKU-300,,14.373171245704569
Wh-3,WEST,SKU-301,,18.20239268998954
Wh-3,WEST,SKU-186,,255.889150999972
Wh-3,WEST,SKU-392,,40.999989117404354
Wh-3,WEST,SKU-187,,36.34430842360814
Wh-3,WEST,SKU-302,,31.63148366921137
Wh-3,WEST,SKU-188,,20.263461399217995
Wh-3,WEST,SKU-189,,49.21222769642363
Wh-3,WEST,SKU-190,,0.0
Wh-3,WEST,SKU-192,,24.55463224425249
Wh-3,WEST,SKU-193,,74.88908704825157
Wh-3,WEST,SKU-194,,445.69696780766964
Wh-3,WEST,SKU-195,,17.230120006991008
Wh-3,WEST,SKU-196,,41.046459005051275
Wh-3,WEST,SKU-197,,40.001404151568636
Wh-3,WEST,SKU-198,,267.647209296668
Wh-3,WEST,SKU-199,,137.180635006667
Wh-3,WEST,SKU-200,,0.0
Wh-3,WEST,SKU-201,,85.072505444668
Wh-3,WEST,SKU-202,,46.38170423586989
Wh-3,WEST,SKU-203,,114.71460041029823
Wh-3,WEST,SKU-393,,17.0
Wh-3,WEST,SKU-204,,55.568632959996904
Wh-3,WEST,SKU-306,,11.721106903031778
Wh-3,WEST,SKU-394,,19.0
Wh-3,WEST,SKU-395,,11.0
Wh-3,WEST,SKU-314,,9.4236474220451
Wh-3,WEST,SKU-315,,4.343537376281139
Wh-3,WEST,SKU-316,,3.4106016992979775
Wh-3,WEST,SKU-317,,282.339750702392
Wh-3,WEST,SKU-318,,3.6907707572336985
Wh-3,WEST,SKU-319,,32.99755310052272
Wh-3,WEST,SKU-320,,58.25799193610763
Wh-3,WEST,SKU-321,,75.82985908737385
Wh-3,WEST,SKU-322,,22.400006524070903
Wh-3,WEST,SKU-323,,51.56107386914999
Wh-3,WEST,SKU-324,,2.3405435153953422
Wh-3,WEST,SKU-325,,80.25911484262834
Wh-3,WEST,SKU-326,,4.948843006462704
Wh-3,WEST,SKU-396,,41.779653558357325
Wh-3,WEST,SKU-397,,55.337972430421075
Wh-3,WEST,SKU-398,,14.344728927239224
Wh-3,WEST,SKU-399,,189.32420349418913
Wh-3,WEST,SKU-400,,220.6441297327847
Wh-3,WEST,SKU-205,,36.49533830738626
Wh-3,WEST,SKU-206,,1201.5651843097858
Wh-3,WEST,SKU-207,,14.999944989188082
Wh-3,WEST,SKU-208,,17.212237627130104
Wh-3,WEST,SKU-209,,390.56338872458014
Wh-3,WEST,SKU-210,,244.7741111797544
Wh-3,WEST,SKU-211,,2083.7341863633756
Wh-3,WEST,SKU-214,,31.551059866793572
Wh-3,WEST,SKU-215,,103.96371483082866
Wh-3,WEST,SKU-217,,110.62593426249175
Wh-3,WEST,SKU-218,,65.34926363867731
Wh-3,WEST,SKU-219,,0.8998304171081841
Wh-3,WEST,SKU-220,,26.22463832465916
Wh-3,WEST,SKU-221,,16.33599297329843
Wh-3,WEST,SKU-401,,51.999127412
Wh-3,WEST,SKU-222,,523.738019282675
Wh-3,WEST,SKU-223,,22.75957503661099
Wh-3,WEST,SKU-224,,52.934135445585824
Wh-3,WEST,SKU-225,,61.45092290304485
Wh-3,WEST,SKU-226,,3.248338376314159
Wh-3,WEST,SKU-402,,5.055874744591177
Wh-3,WEST,SKU-227,,49.33115488770528
Wh-3,WEST,SKU-229,,8.999999903654972
Wh-3,WEST,SKU-230,,44.67910768841852
Wh-3,WEST,SKU-231,,35.094273651251505
Wh-3,WEST,SKU-232,,31.758880728406197
Wh-3,WEST,SKU-233,,7.862463928519588
Wh-4,SOUTH,SKU-1,,135.88397438282448
Wh-4,SOUTH,SKU-2,,31.415497458804396
Wh-4,SOUTH,SKU-3,,21.663007415327357
Wh-4,SOUTH,SKU-4,,530.5577674023225
Wh-4,SOUTH,SKU-5,,0.0
Wh-4,SOUTH,SKU-6,,21.360707353495236
Wh-4,SOUTH,SKU-7,,1955.3245821769233
Wh-4,SOUTH,SKU-8,,1441.2503093476757
Wh-4,SOUTH,SKU-234,,87.81818021721762
Wh-4,SOUTH,SKU-9,,464.3328317309799
Wh-4,SOUTH,SKU-10,,123.3406750180277
Wh-4,SOUTH,SKU-13,,2448.552124359017
Wh-4,SOUTH,SKU-17,,520.7706475546429
Wh-4,SOUTH,SKU-327,,24.02307634743383
Wh-4,SOUTH,SKU-19,,22.12209101644837
Wh-4,SOUTH,SKU-351,,0.0
Wh-4,SOUTH,SKU-20,,17.2331591404715
Wh-4,SOUTH,SKU-353,,24.231432887924026
Wh-4,SOUTH,SKU-21,,6615.549926963026
Wh-4,SOUTH,SKU-22,,23.600722570892586
Wh-4,SOUTH,SKU-23,,17.192377849809574
Wh-4,SOUTH,SKU-24,,13180.450797836655
Wh-4,SOUTH,SKU-25,,81.14540152189599
Wh-4,SOUTH,SKU-26,,121.14963412086534
Wh-4,SOUTH,SKU-27,,96.56117613600212
Wh-4,SOUTH,SKU-28,,54.3752537441418
Wh-4,SOUTH,SKU-29,,306.11350773749064
Wh-4,SOUTH,SKU-30,,0.0
Wh-4,SOUTH,SKU-31,,81.21512317144158
Wh-4,SOUTH,SKU-32,,51.83166050720931
Wh-4,SOUTH,SKU-33,,145.54669667800624
Wh-4,SOUTH,SKU-237,,196.11742753628678
Wh-4,SOUTH,SKU-34,,153.29357192973663
Wh-4,SOUTH,SKU-239,,122.52000087123547
Wh-4,SOUTH,SKU-240,,211.6917832088066
Wh-4,SOUTH,SKU-354,,21.514277323777495
Wh-4,SOUTH,SKU-35,,0.0
Wh-4,SOUTH,SKU-36,,146.95513936830935
Wh-4,SOUTH,SKU-37,,59.90054688285301
Wh-4,SOUTH,SKU-39,,150.18034487500103
Wh-4,SOUTH,SKU-40,,1278.338186132762
Wh-4,SOUTH,SKU-41,,0.0
Wh-4,SOUTH,SKU-243,,134.76630506800194
Wh-4,SOUTH,SKU-42,,0.0
Wh-4,SOUTH,SKU-43,,10.120613036243086
Wh-4,SOUTH,SKU-44,,44.62090598886286
Wh-4,SOUTH,SKU-45,,0.0
Wh-4,SOUTH,SKU-46,,101.88928386284374
Wh-4,SOUTH,SKU-47,,221.88273311921984
Wh-4,SOUTH,SKU-50,,116.9389181462198
Wh-4,SOUTH,SKU-51,,0.0
Wh-4,SOUTH,SKU-53,,117.33053958626286
Wh-4,SOUTH,SKU-54,,33.741874096969354
Wh-4,SOUTH,SKU-55,,1000.3202791810003
Wh-4,SOUTH,SKU-56,,620.1663301704743
Wh-4,SOUTH,SKU-57,,0.0
Wh-4,SOUTH,SKU-58,,0.0
Wh-4,SOUTH,SKU-59,,31.516412986793426
Wh-4,SOUTH,SKU-60,,105.20004390532911
Wh-4,SOUTH,SKU-61,,0.0
Wh-4,SOUTH,SKU-62,,38.47997622474348
Wh-4,SOUTH,SKU-63,,76.9342355079397
Wh-4,SOUTH,SKU-416,,110.41318807231319
Wh-4,SOUTH,SKU-64,,160.9865941929942
Wh-4,SOUTH,SKU-65,,0.0
Wh-4,SOUTH,SKU-66,,57.06239731710021
Wh-4,SOUTH,SKU-67,,305.09194117590636
Wh-4,SOUTH,SKU-244,,0.0
Wh-4,SOUTH,SKU-69,,369.42076314366994
Wh-4,SOUTH,SKU-70,,82.37586773200141
Wh-4,SOUTH,SKU-71,,0.0
Wh-4,SOUTH,SKU-72,,3.3040311924874644
Wh-4,SOUTH,SKU-73,,46.37947263257942
Wh-4,SOUTH,SKU-74,,57.33710063473096
Wh-4,SOUTH,SKU-245,,153.62025372823973
Wh-4,SOUTH,SKU-246,,0.0
Wh-4,SOUTH,SKU-76,,17.93653543166165
Wh-4,SOUTH,SKU-77,,36.76690811142189
Wh-4,SOUTH,SKU-78,,94.55065326684716
Wh-4,SOUTH,SKU-79,,11.247655241461757
Wh-4,SOUTH,SKU-248,,29.9354482761549
Wh-4,SOUTH,SKU-404,,71.60966229329594
Wh-4,SOUTH,SKU-417,,37.79952647638622
Wh-4,SOUTH,SKU-80,,195.94680470344596
Wh-4,SOUTH,SKU-81,,1838.7545500048923
Wh-4,SOUTH,SKU-82,,0.0
Wh-4,SOUTH,SKU-84,,471.3113294348833
Wh-4,SOUTH,SKU-86,,77.34704110847211
Wh-4,SOUTH,SKU-250,,144.18468132432224
Wh-4,SOUTH,SKU-87,,15.33326737897548
Wh-4,SOUTH,SKU-359,,0.0
Wh-4,SOUTH,SKU-88,,502.243429855778
Wh-4,SOUTH,SKU-251,,0.0
Wh-4,SOUTH,SKU-361,,91.80268454346907
Wh-4,SOUTH,SKU-89,,101.59405972635473
Wh-4,SOUTH,SKU-90,,97.90679843512203
Wh-4,SOUTH,SKU-92,,52.19906174173225
Wh-4,SOUTH,SKU-93,,9.588626382086941
Wh-4,SOUTH,SKU-95,,20.94127033980557
Wh-4,SOUTH,SKU-418,,92.23837559537219
Wh-4,SOUTH,SKU-97,,640.3227478097377
Wh-4,SOUTH,SKU-98,,194.3380725157419
Wh-4,SOUTH,SKU-252,,488.70776242133064
Wh-4,SOUTH,SKU-253,,60.3235825635375
Wh-4,SOUTH,SKU-362,,0.0
Wh-4,SOUTH,SKU-419,,161.81081329861195
Wh-4,SOUTH,SKU-254,,149.68153875440944
Wh-4,SOUTH,SKU-331,,106.56312587842051
Wh-4,SOUTH,SKU-255,,238.91391404336787
Wh-4,SOUTH,SKU-332,,273.93492381834477
Wh-4,SOUTH,SKU-256,,369.0455507111137
Wh-4,SOUTH,SKU-257,,218.21463900153225
Wh-4,SOUTH,SKU-368,,57.54277703817881
Wh-4,SOUTH,SKU-258,,267.0066484280663
Wh-4,SOUTH,SKU-373,,539.6303254826327
Wh-4,SOUTH,SKU-259,,2169.016286924816
Wh-4,SOUTH,SKU-260,,350.1035204595036
Wh-4,SOUTH,SKU-261,,786.522593862396
Wh-4,SOUTH,SKU-263,,105.92938000508633
Wh-4,SOUTH,SKU-264,,351.2435753122161
Wh-4,SOUTH,SKU-267,,41.85494170996523
Wh-4,SOUTH,SKU-268,,696.7277423153296
Wh-4,SOUTH,SKU-269,,359.93532553560857
Wh-4,SOUTH,SKU-270,,474.2843323577024
Wh-4,SOUTH,SKU-271,,1208.8238587879068
Wh-4,SOUTH,SKU-272,,189.9847602482127
Wh-4,SOUTH,SKU-420,,17.64618665203894
Wh-4,SOUTH,SKU-273,,56.98703882595598
Wh-4,SOUTH,SKU-274,,506.55156621601793
Wh-4,SOUTH,SKU-275,,173.80501072455957
Wh-4,SOUTH,SKU-276,,11.939563384539575
Wh-4,SOUTH,SKU-277,,99.29872213787081
Wh-4,SOUTH,SKU-278,,134.69161561706048
Wh-4,SOUTH,SKU-279,,0.0
Wh-4,SOUTH,SKU-280,,0.0
Wh-4,SOUTH,SKU-281,,313.0304209975715
Wh-4,SOUTH,SKU-282,,36.85267761781117
Wh-4,SOUTH,SKU-375,,23.517515055363397
Wh-4,SOUTH,SKU-284,,0.0
Wh-4,SOUTH,SKU-285,,26.02388941646464
Wh-4,SOUTH,SKU-377,,4.699435638760505
Wh-4,SOUTH,SKU-286,,169.27478969805708
Wh-4,SOUTH,SKU-421,,13.560766614251762
Wh-4,SOUTH,SKU-101,,167.54256903884507
Wh-4,SOUTH,SKU-102,,85.64500521073306
Wh-4,SOUTH,SKU-103,,150.55169199730392
Wh-4,SOUTH,SKU-104,,256.4649331140626
Wh-4,SOUTH,SKU-105,,215.41157559357134
Wh-4,SOUTH,SKU-106,,214.35572738585864
Wh-4,SOUTH,SKU-107,,158.0976415463271
Wh-4,SOUTH,SKU-108,,984.2128430672292
Wh-4,SOUTH,SKU-109,,398.532577689998
Wh-4,SOUTH,SKU-110,,123.2576036597422
Wh-4,SOUTH,SKU-111,,397.8142926064816
Wh-4,SOUTH,SKU-112,,10.725860956094778
Wh-4,SOUTH,SKU-113,,275.3795379504852
Wh-4,SOUTH,SKU-114,,31.56022491367023
Wh-4,SOUTH,SKU-115,,28.405481151357563
Wh-4,SOUTH,SKU-116,,17.803282982106943
Wh-4,SOUTH,SKU-117,,11.788227629253951
Wh-4,SOUTH,SKU-287,,12.597316119809399
Wh-4,SOUTH,SKU-121,,104.46164327850903
Wh-4,SOUTH,SKU-122,,313.8672616086899
Wh-4,SOUTH,SKU-422,,85.51579841531702
Wh-4,SOUTH,SKU-288,,0.0
Wh-4,SOUTH,SKU-423,,57.79432150759913
Wh-4,SOUTH,SKU-424,,23.89572262230459
Wh-4,SOUTH,SKU-425,,0.0
Wh-4,SOUTH,SKU-426,,24.85096176505241
Wh-4,SOUTH,SKU-123,,0.0
Wh-4,SOUTH,SKU-289,,12.66411641352861
Wh-4,SOUTH,SKU-427,,0.0
Wh-4,SOUTH,SKU-406,,0.0
Wh-4,SOUTH,SKU-124,,302.8089085094862
Wh-4,SOUTH,SKU-338,,24.529166641124164
Wh-4,SOUTH,SKU-428,,13.913836125822002
Wh-4,SOUTH,SKU-339,,0.0
Wh-4,SOUTH,SKU-126,,24.703782711360375
Wh-4,SOUTH,SKU-127,,0.0
Wh-4,SOUTH,SKU-128,,0.6554834816315527
Wh-4,SOUTH,SKU-129,,690.1414579594451
Wh-4,SOUTH,SKU-131,,267.51501918032477
Wh-4,SOUTH,SKU-132,,2059.0318633216575
Wh-4,SOUTH,SKU-133,,3327.3869158683974
Wh-4,SOUTH,SKU-134,,468.24901446038814
Wh-4,SOUTH,SKU-136,,391.647269773301
Wh-4,SOUTH,SKU-137,,1619.0500470970296
Wh-4,SOUTH,SKU-344,,34.85647734479145
Wh-4,SOUTH,SKU-140,,203.45679110573678
Wh-4,SOUTH,SKU-141,,0.0
Wh-4,SOUTH,SKU-429,,8.143266680391896
Wh-4,SOUTH,SKU-144,,65.66182218504629
Wh-4,SOUTH,SKU-384,,83.3270269773309
Wh-4,SOUTH,SKU-430,,11.589701833836955
Wh-4,SOUTH,SKU-431,,11.198280021364724
Wh-4,SOUTH,SKU-432,,52.0097214729298
Wh-4,SOUTH,SKU-385,,12.677029028756792
Wh-4,SOUTH,SKU-386,,0.0
Wh-4,SOUTH,SKU-147,,0.0
Wh-4,SOUTH,SKU-148,,47.51578449491913
Wh-4,SOUTH,SKU-149,,0.0
Wh-4,SOUTH,SKU-387,,0.0
Wh-4,SOUTH,SKU-150,,111.32692710735313
Wh-4,SOUTH,SKU-151,,2222.001679855572
Wh-4,SOUTH,SKU-152,,1907.1146233990348
Wh-4,SOUTH,SKU-154,,1.0377864241626646
Wh-4,SOUTH,SKU-155,,48.706295860356185
Wh-4,SOUTH,SKU-156,,16.952265647051867
Wh-4,SOUTH,SKU-157,,120.19379813594824
Wh-4,SOUTH,SKU-158,,29.592512930403476
Wh-4,SOUTH,SKU-159,,18.559493632563502
Wh-4,SOUTH,SKU-160,,111.18816905411842
Wh-4,SOUTH,SKU-161,,12.634332244174026
Wh-4,SOUTH,SKU-162,,46.784113441330945
Wh-4,SOUTH,SKU-163,,46.160437784173745
Wh-4,SOUTH,SKU-164,,38.8149092386149
Wh-4,SOUTH,SKU-165,,178.64281686752182
Wh-4,SOUTH,SKU-166,,67.64560193664184
Wh-4,SOUTH,SKU-167,,79.18278182935708
Wh-4,SOUTH,SKU-297,,13.713594330072521
Wh-4,SOUTH,SKU-169,,12.837960900299516
Wh-4,SOUTH,SKU-170,,46.34871489871504
Wh-4,SOUTH,SKU-171,,8.791979751823781
Wh-4,SOUTH,SKU-172,,11.0
Wh-4,SOUTH,SKU-173,,55.47729792955701
Wh-4,SOUTH,SKU-174,,17.829896457442317
Wh-4,SOUTH,SKU-175,,9.830979019720264
Wh-4,SOUTH,SKU-176,,17.775766660946623
Wh-4,SOUTH,SKU-177,,9.540608563072393
Wh-4,SOUTH,SKU-178,,0.0
Wh-4,SOUTH,SKU-179,,67.11939099385997
Wh-4,SOUTH,SKU-180,,9.999947572328566
Wh-4,SOUTH,SKU-182,,48.79441662298329
Wh-4,SOUTH,SKU-183,,22.999894310245864
Wh-4,SOUTH,SKU-184,,8.07697054964601
Wh-4,SOUTH,SKU-185,,39.85482986810781
Wh-4,SOUTH,SKU-186,,72.78589514421647
Wh-4,SOUTH,SKU-187,,15.566651733923093
Wh-4,SOUTH,SKU-190,,0.0
Wh-4,SOUTH,SKU-193,,3.302076132522238
Wh-4,SOUTH,SKU-194,,137.40152766828004
Wh-4,SOUTH,SKU-196,,57.42862309876247
Wh-4,SOUTH,SKU-199,,32.331612557344314
Wh-4,SOUTH,SKU-200,,27.288466175942727
Wh-4,SOUTH,SKU-201,,50.18355431941252
Wh-4,SOUTH,SKU-202,,4.373711317730738
Wh-4,SOUTH,SKU-203,,264.5664603120243
Wh-4,SOUTH,SKU-204,,65.8342727260112
Wh-4,SOUTH,SKU-314,,40.68446310871459
Wh-4,SOUTH,SKU-315,,8.405551252997785
Wh-4,SOUTH,SKU-316,,81.00000917449192
Wh-4,SOUTH,SKU-317,,53.66241769341669
Wh-4,SOUTH,SKU-318,,8.014787834989558
Wh-4,SOUTH,SKU-319,,46.068373981994924
Wh-4,SOUTH,SKU-320,,9.249796229876567
Wh-4,SOUTH,SKU-321,,35.358320657810445
Wh-4,SOUTH,SKU-322,,11.910746846222565
Wh-4,SOUTH,SKU-324,,28.354701323264102
Wh-4,SOUTH,SKU-325,,12.041066880031508
Wh-4,SOUTH,SKU-326,,89.83750807100832
Wh-4,SOUTH,SKU-396,,10.606627889069303
Wh-4,SOUTH,SKU-397,,63.17402590783407
Wh-4,SOUTH,SKU-433,,66.99994273196046
Wh-4,SOUTH,SKU-399,,72.44457056917446
Wh-4,SOUTH,SKU-205,,42.236526751373056
Wh-4,SOUTH,SKU-206,,610.7822105063999
Wh-4,SOUTH,SKU-434,,12.629701854980473
Wh-4,SOUTH,SKU-208,,35.50106669073876
Wh-4,SOUTH,SKU-211,,24.69449967788583
Wh-4,SOUTH,SKU-212,,14.509405808899015
Wh-4,SOUTH,SKU-214,,1.9489764497988291
Wh-4,SOUTH,SKU-215,,145.67947612102077
Wh-4,SOUTH,SKU-217,,18.37964644965971
Wh-4,SOUTH,SKU-218,,8.129822111036537
Wh-4,SOUTH,SKU-219,,80.50560406524042
Wh-4,SOUTH,SKU-220,,234.40633545664775
Wh-4,SOUTH,SKU-221,,32.692549335093034
Wh-4,SOUTH,SKU-224,,311.9797237590531
Wh-4,SOUTH,SKU-225,,121.86659800335684
Wh-4,SOUTH,SKU-226,,193.0634810656585
Wh-4,SOUTH,SKU-228,,16.460247615179195
Wh-4,SOUTH,SKU-229,,76.09299676378961
Wh-4,SOUTH,SKU-230,,41.18319418960236
Wh-4,SOUTH,SKU-231,,36.61631860174167
Wh-4,SOUTH,SKU-232,,18.807176721752885
Wh-4,SOUTH,SKU-233,,37.73780878755875
